chatCollapse	GETTER	lib\src\ui\chat_panel.dart
chatComposerHint	GETTER	lib\src\ui\chat_panel.dart
chatEmpty	GETTER	lib\src\ui\chat_panel.dart
chatExpand	GETTER	lib\src\ui\chat_panel.dart
chatImageMissing	GETTER	lib\src\ui\chat_panel.dart
chatImageOpen	GETTER	lib\src\ui\chat_panel.dart
chatImagePickFailed	GETTER	lib\src\ui\chat_panel.dart
chatImagePickUnsupported	GETTER	lib\src\ui\chat_panel.dart
chatImageSendFailed	GETTER	lib\src\ui\chat_panel.dart
chatImageViewer	GETTER	lib\src\ui\chat_panel.dart
chatImageViewerClose	GETTER	lib\src\ui\chat_panel.dart
chatRemaining	CALL(left)	lib\src\ui\chat_panel.dart
chatSend	GETTER	lib\src\ui\chat_panel.dart
chatSendFailed	GETTER	lib\src\ui\chat_panel.dart
chatSendImage	GETTER	lib\src\ui\chat_panel.dart
chatUnread	GETTER	lib\src\ui\chat_panel.dart
policyAgree	GETTER	lib\src\moderation\content_policy_text.dart
policyDecline	GETTER	lib\src\moderation\content_policy_text.dart
policyOwnContentBody	GETTER	lib\src\moderation\content_policy_text.dart
policyOwnContentTitle	GETTER	lib\src\moderation\content_policy_text.dart
policyRemovalBody	GETTER	lib\src\moderation\content_policy_text.dart
policyRemovalTitle	GETTER	lib\src\moderation\content_policy_text.dart
policySummary	GETTER	lib\src\moderation\content_policy_text.dart
policyTitle	GETTER	lib\src\moderation\content_policy_text.dart
policyToolsBody	GETTER	lib\src\moderation\content_policy_text.dart
policyToolsTitle	GETTER	lib\src\moderation\content_policy_text.dart
policyZeroToleranceBody	GETTER	lib\src\moderation\content_policy_text.dart
policyZeroToleranceTitle	GETTER	lib\src\moderation\content_policy_text.dart
appTitle	GETTER	lib\main.dart;lib\src\ui\home_screen.dart
commonCancel	GETTER	lib\src\ui\home_screen.dart;lib\src\ui\moderation_menus.dart;lib\src\ui\room_screen.dart;lib\src\ui\server_settings_section.dart;lib\src\ui\settings_sheet.dart
commonCopy	GETTER	lib\src\ui\home_screen.dart
commonGotIt	GETTER	lib\src\ui\moderation_menus.dart
commonListSeparator	GETTER	lib\src\ui\home_screen.dart
commonNoThanks	GETTER	lib\src\ui\moderation_menus.dart
