policyAgree	GETTER	lib\src\moderation\content_policy_text.dart
policyDecline	GETTER	lib\src\moderation\content_policy_text.dart
policyOwnContentBody	GETTER	lib\src\moderation\content_policy_text.dart
policyOwnContentTitle	GETTER	lib\src\moderation\content_policy_text.dart
policyRemovalBody	GETTER	lib\src\moderation\content_policy_text.dart
policyRemovalTitle	GETTER	lib\src\moderation\content_policy_text.dart
policySummary	GETTER	lib\src\moderation\content_policy_text.dart
policyTitle	GETTER	lib\src\moderation\content_policy_text.dart
policyToolsBody	GETTER	lib\src\moderation\content_policy_text.dart
policyToolsTitle	GETTER	lib\src\moderation\content_policy_text.dart
policyZeroToleranceBody	GETTER	lib\src\moderation\content_policy_text.dart
policyZeroToleranceTitle	GETTER	lib\src\moderation\content_policy_text.dart
