reportAccepted	GETTER	lib\src\ui\moderation_menus.dart
reportAction	GETTER	lib\src\ui\moderation_menus.dart
reportActionHint	GETTER	lib\src\ui\moderation_menus.dart
reportDeliveryBody	GETTER	lib\src\ui\moderation_menus.dart
reportDeliveryFollowUp	GETTER	lib\src\ui\moderation_menus.dart
reportDeliveryTitle	GETTER	lib\src\ui\moderation_menus.dart
reportDialogTitle	CALL(targetName)	lib\src\ui\moderation_menus.dart
reportMessageAction	GETTER	lib\src\ui\moderation_menus.dart
reportNoteHint	GETTER	lib\src\ui\moderation_menus.dart
reportPickReason	GETTER	lib\src\ui\moderation_menus.dart
reportReasonHarassment	GETTER	lib\src\ui\moderation_menus.dart
reportReasonHateSpeech	GETTER	lib\src\ui\moderation_menus.dart
reportReasonIllegal	GETTER	lib\src\ui\moderation_menus.dart
reportReasonOther	GETTER	lib\src\ui\moderation_menus.dart
reportReasonSexualContent	GETTER	lib\src\ui\moderation_menus.dart
reportReasonSpam	GETTER	lib\src\ui\moderation_menus.dart
reportReasonViolence	GETTER	lib\src\ui\moderation_menus.dart
reportSubmit	GETTER	lib\src\ui\moderation_menus.dart
