settingsAuthModeCircle	GETTER	lib\src\ui\server_settings_section.dart
settingsAuthModeNone	GETTER	lib\src\ui\server_settings_section.dart
settingsAuthModeToken	GETTER	lib\src\ui\server_settings_section.dart
settingsBackground	GETTER	lib\src\ui\settings_sheet.dart
settingsBackgroundDenied	GETTER	lib\src\ui\settings_sheet.dart
settingsBackgroundGranted	GETTER	lib\src\ui\settings_sheet.dart
settingsBackgroundIos	GETTER	lib\src\ui\settings_sheet.dart
settingsBackgroundSub	GETTER	lib\src\ui\settings_sheet.dart
settingsContentPolicy	GETTER	lib\src\ui\settings_sheet.dart
settingsContentPolicySub	GETTER	lib\src\ui\settings_sheet.dart
settingsDnd	GETTER	lib\src\ui\settings_sheet.dart
settingsDndConfirm	GETTER	lib\src\ui\settings_sheet.dart
settingsDndFrom	GETTER	lib\src\ui\settings_sheet.dart
settingsDndOff	GETTER	lib\src\ui\settings_sheet.dart
settingsDndTo	GETTER	lib\src\ui\settings_sheet.dart
settingsDndTurnOff	GETTER	lib\src\ui\settings_sheet.dart
settingsGroupCircle	GETTER	lib\src\ui\settings_sheet.dart
settingsGroupSafety	GETTER	lib\src\ui\settings_sheet.dart
settingsGroupSound	GETTER	lib\src\ui\settings_sheet.dart
settingsHomeWidget	GETTER	lib\src\ui\settings_sheet.dart
settingsHomeWidgetSub	GETTER	lib\src\ui\settings_sheet.dart
settingsHomeWidgetUnsupported	GETTER	lib\src\ui\settings_sheet.dart
settingsNoiseEnhanced	GETTER	lib\src\ui\settings_sheet.dart
settingsNoiseOff	GETTER	lib\src\ui\settings_sheet.dart
settingsNoiseStandard	GETTER	lib\src\ui\settings_sheet.dart
settingsNoiseSuppression	GETTER	lib\src\ui\settings_sheet.dart
settingsPickPrimaryCircle	GETTER	lib\src\ui\settings_sheet.dart
settingsPrimaryCircle	GETTER	lib\src\ui\settings_sheet.dart
settingsPrimaryCircleNone	GETTER	lib\src\ui\settings_sheet.dart
settingsPrimaryCircleSub	CALL( circleStore.primaryCircle!.name, )	lib\src\ui\settings_sheet.dart
settingsRecording	GETTER	lib\src\ui\settings_sheet.dart
settingsRecordingOff	GETTER	lib\src\ui\settings_sheet.dart
settingsRecordingOn	GETTER	lib\src\ui\settings_sheet.dart
settingsRecordingStart	GETTER	lib\src\ui\settings_sheet.dart
settingsRecordingStartFailed	GETTER	lib\src\ui\settings_sheet.dart
settingsRecordingStop	GETTER	lib\src\ui\settings_sheet.dart
settingsServer	GETTER	lib\src\ui\server_settings_section.dart
settingsServerAdd	GETTER	lib\src\ui\server_settings_section.dart
settingsServerAuthLabel	GETTER	lib\src\ui\server_settings_section.dart
settingsServerBiometricFailed	GETTER	lib\src\ui\server_settings_section.dart
settingsServerBiometricReason	GETTER	lib\src\ui\server_settings_section.dart
settingsServerBuiltIn	GETTER	lib\src\ui\server_settings_section.dart
settingsServerCircleId	GETTER	lib\src\ui\server_settings_section.dart
settingsServerCirclePasscode	GETTER	lib\src\ui\server_settings_section.dart
settingsServerCount	CALL(count)	lib\src\ui\server_settings_section.dart
settingsServerDefaultLabel	GETTER	lib\src\ui\server_settings_section.dart
settingsServerDelete	GETTER	lib\src\ui\server_settings_section.dart
settingsServerEdit	GETTER	lib\src\ui\server_settings_section.dart
settingsServerEditTitle	GETTER	lib\src\ui\server_settings_section.dart
settingsServerListTitle	GETTER	lib\src\ui\server_settings_section.dart
settingsServerName	GETTER	lib\src\ui\server_settings_section.dart
settingsServerNameHint	GETTER	lib\src\ui\server_settings_section.dart
settingsServerPlaintextWarning	GETTER	lib\src\ui\server_settings_section.dart
settingsServerSave	GETTER	lib\src\ui\server_settings_section.dart
settingsServerSaved	GETTER	lib\src\ui\server_settings_section.dart
settingsServerTest	GETTER	lib\src\ui\server_settings_section.dart
settingsServerTokenHint	GETTER	lib\src\ui\server_settings_section.dart
settingsServerUrl	GETTER	lib\src\ui\server_settings_section.dart
settingsTitle	GETTER	lib\src\ui\home_screen.dart
settingsWifiOnlyHq	GETTER	lib\src\ui\settings_sheet.dart
settingsWifiOnlyHqSub	GETTER	lib\src\ui\settings_sheet.dart
