appTitle	GETTER
chatCollapse	GETTER
chatComposerHint	GETTER
chatEmpty	GETTER
chatExpand	GETTER
chatImageMissing	GETTER
chatImageOpen	GETTER
chatImagePickFailed	GETTER
chatImagePickUnsupported	GETTER
chatImageSendFailed	GETTER
chatImageViewer	GETTER
chatImageViewerClose	GETTER
chatRemaining	CALL(left)
chatSend	GETTER
chatSendFailed	GETTER
chatSendImage	GETTER
chatUnread	GETTER
commonCancel	GETTER
commonCopy	GETTER
commonGotIt	GETTER
commonListSeparator	GETTER
commonNoThanks	GETTER
e2eeCostNotice	GETTER
e2eeKeyLocalNotice	GETTER
e2eeTitle	GETTER
homeAddCircle	GETTER
homeAddCircleConfirm	GETTER
homeAddCircleHint	GETTER
homeAvailable	GETTER
homeAvailableOffDesc	GETTER
homeAvailableOnDesc	CALL(n)
homeAvailablePickBody	GETTER
homeAvailablePickConfirm	GETTER
homeAvailablePickTitle	GETTER
homeCircleEmpty	GETTER
homeCircleOnline	CALL(online)
homeCircleOnlineAndWaiting	CALL(online, waitingNames)
homeCircleOnlineWithNames	CALL(online, names.join(sep))
homeCircleWaitingOnly	CALL(waitingNames)
homeDeleteCircle	GETTER
homeEmptyRoomHint	GETTER
homeInviteBody	GETTER
homeInvitedCircleFallback	GETTER
homeInviteFriends	GETTER
homeInviteFriendsDesc	GETTER
homeInviteTitle	CALL(circle.name)
homeJoinCircle	GETTER
homeKickedBy	CALL(who)
homeKickedByAdmin	GETTER
homeKnockModeDesc	GETTER
homeKnockModeOff	GETTER
homeKnockModeOn	GETTER
homePasteInvite	GETTER
homePasteInviteHint	GETTER
homePasteInviteTitle	GETTER
homePrimaryCircleAlready	GETTER
homePrimaryCircleAlreadyDesc	GETTER
homePrimaryCircleSet	GETTER
homePrimaryCircleSetDesc	GETTER
homePrimaryCircleTooltip	GETTER
homeRename	GETTER
homeRenameConfirm	GETTER
homeRenameHint	GETTER
homeRenameTitle	GETTER
moderationBlock	GETTER
moderationBlockHint	GETTER
moderationBlockShort	GETTER
moderationNoUserId	GETTER
moderationSuggestBlockBody	GETTER
moderationSuggestBlockTitle	GETTER
moderationUnblock	GETTER
moderationUnblockHint	GETTER
noteListen	CALL(count)
noteRecordHint	GETTER
p2pCaveatHasTurn	GETTER
p2pCaveatNoTurn	GETTER
p2pCaveats	GETTER
p2pCharCount	CALL(code.length)
p2pCodeCopied	GETTER
p2pCodeSendBack	GETTER
p2pCodeSendToPeer	GETTER
p2pConnect	GETTER
p2pCopy	GETTER
p2pErrorCorrupted	GETTER
p2pErrorNotLaresCode	GETTER
p2pErrorVersionMismatch	GETTER
p2pErrorWrongKind	GETTER
p2pNoServerBody	GETTER
p2pNoServerTitle	GETTER
p2pPasteFromClipboard	GETTER
p2pPasteIncomingLabel	GETTER
p2pPasteReplyLabel	GETTER
p2pPreparing	GETTER
p2pRoleAnswererBody	GETTER
p2pRoleAnswererTitle	GETTER
p2pRoleMeshBody	GETTER
p2pRoleMeshTitle	GETTER
p2pRoleOffererBody	GETTER
p2pRoleOffererTitle	GETTER
p2pStatusClosed	GETTER
p2pStatusConnected	GETTER
p2pStatusConnecting	GETTER
p2pStatusFailed	GETTER
p2pStatusWaitingForPeer	GETTER
p2pTitle	GETTER
policyAgree	GETTER
policyDecline	GETTER
policyOwnContentBody	GETTER
policyOwnContentTitle	GETTER
policyRemovalBody	GETTER
policyRemovalTitle	GETTER
policySummary	GETTER
policyTitle	GETTER
policyToolsBody	GETTER
policyToolsTitle	GETTER
policyZeroToleranceBody	GETTER
policyZeroToleranceTitle	GETTER
recordingAlsoRecording	CALL(count)
recordingConsentEveryoneNotified	GETTER
recordingConsentLocalOnly	GETTER
recordingConsentMemberCount	CALL(memberCount)
recordingConsentPersistentNotice	GETTER
recordingConsentReconsider	GETTER
recordingConsentStart	GETTER
recordingConsentTitle	GETTER
recordingElapsedHours	CALL(hours)
recordingElapsedHoursMinutes	CALL(hours, minutes)
recordingElapsedMinutes	CALL(minutes)
recordingElapsedSeconds	CALL(seconds)
recordingListSeparator	GETTER
recordingNobodyRecording	GETTER
recordingNoticeAlreadyInProgress	GETTER
recordingNoticeArmingTimeout	CALL(seconds)
recordingNoticeCircleIdEmpty	GETTER
recordingNoticeDisconnected	GETTER
recordingNoticeGraceExpired	CALL(seconds)
recordingNoticeRemovedFromRoom	GETTER
recordingNoticeServerMarkedInactive	GETTER
recordingNoticeSignalingSilent	GETTER
recordingNoticeStateOutOfSync	GETTER
recordingSemanticsLabel	CALL(body)
recordingSeveralRecording	CALL(name, count)
recordingSomeoneRecording	CALL(name)
recordingStatusUnconfirmed	GETTER
recordingStop	GETTER
recordingYouAreRecording	GETTER
reportAccepted	GETTER
reportAction	GETTER
reportActionHint	GETTER
reportDeliveryBody	GETTER
reportDeliveryFollowUp	GETTER
reportDeliveryTitle	GETTER
reportDialogTitle	CALL(targetName)
reportMessageAction	GETTER
reportNoteHint	GETTER
reportPickReason	GETTER
reportReasonHarassment	GETTER
reportReasonHateSpeech	GETTER
reportReasonIllegal	GETTER
reportReasonOther	GETTER
reportReasonSexualContent	GETTER
reportReasonSpam	GETTER
reportReasonViolence	GETTER
reportSubmit	GETTER
roomAloneHere	GETTER
roomBackToRoom	GETTER
roomBlockedSemantics	GETTER
roomEmpty	GETTER
roomErrorGeneric	GETTER
roomJoining	GETTER
roomJoinLatencyTooltip	GETTER
roomKickBody	GETTER
roomKickConfirm	GETTER
roomKickMember	GETTER
roomKickMemberHint	GETTER
roomKickTitle	CALL(m.name)
roomKnockAllow	GETTER
roomKnockDeny	GETTER
roomKnocking	GETTER
roomKnockWants	CALL(knock.name)
roomLeave	GETTER
roomLocationMap	GETTER
roomMute	GETTER
roomPeopleHere	CALL(count)
roomStatusBusy	GETTER
roomStatusEars	GETTER
roomStatusFree	GETTER
roomUnmute	GETTER
settingsAuthModeCircle	GETTER
settingsAuthModeNone	GETTER
settingsAuthModeToken	GETTER
settingsBackground	GETTER
settingsBackgroundDenied	GETTER
settingsBackgroundGranted	GETTER
settingsBackgroundIos	GETTER
settingsBackgroundSub	GETTER
settingsContentPolicy	GETTER
settingsContentPolicySub	GETTER
settingsDnd	GETTER
settingsDndConfirm	GETTER
settingsDndFrom	GETTER
settingsDndOff	GETTER
settingsDndTo	GETTER
settingsDndTurnOff	GETTER
settingsGroupCircle	GETTER
settingsGroupSafety	GETTER
settingsGroupSound	GETTER
settingsHomeWidget	GETTER
settingsHomeWidgetSub	GETTER
settingsHomeWidgetUnsupported	GETTER
settingsNoiseEnhanced	GETTER
settingsNoiseOff	GETTER
settingsNoiseStandard	GETTER
settingsNoiseSuppression	GETTER
settingsPickPrimaryCircle	GETTER
settingsPrimaryCircle	GETTER
settingsPrimaryCircleNone	GETTER
settingsPrimaryCircleSub	CALL( circleStore.primaryCircle!.name, )
settingsRecording	GETTER
settingsRecordingOff	GETTER
settingsRecordingOn	GETTER
settingsRecordingStart	GETTER
settingsRecordingStartFailed	GETTER
settingsRecordingStop	GETTER
settingsServer	GETTER
settingsServerAdd	GETTER
settingsServerAuthLabel	GETTER
settingsServerBiometricFailed	GETTER
settingsServerBiometricReason	GETTER
settingsServerBuiltIn	GETTER
settingsServerCircleId	GETTER
settingsServerCirclePasscode	GETTER
settingsServerCount	CALL(count)
settingsServerDefaultLabel	GETTER
settingsServerDelete	GETTER
settingsServerEdit	GETTER
settingsServerEditTitle	GETTER
settingsServerListTitle	GETTER
settingsServerName	GETTER
settingsServerNameHint	GETTER
settingsServerPlaintextWarning	GETTER
settingsServerSave	GETTER
settingsServerSaved	GETTER
settingsServerTest	GETTER
settingsServerTokenHint	GETTER
settingsServerUrl	GETTER
settingsTitle	GETTER
settingsWifiOnlyHq	GETTER
settingsWifiOnlyHqSub	GETTER
updateAndroidInstallerOpened	GETTER
updateAutoCheckSubtitle	GETTER
updateAutoCheckTitle	GETTER
updateCheckNow	GETTER
updateCurrentVersion	CALL('…')
updateDownload	GETTER
updateDownloading	GETTER
updateDownloadWithSize	CALL(mb.toStringAsFixed(1))
updateErrAndroidInstallerNotOpened	GETTER
updateErrAndroidLaunchFailed	CALL(f.text ?? '')
updateErrChecksum	GETTER
updateErrDownloadFailed	CALL(f.text ?? '')
updateErrDownloadHttp	CALL(f.number ?? 0)
updateErrDownloadTimeout	GETTER
updateErrGithubRefused	CALL(f.number ?? 0)
updateErrHttp	CALL(f.number ?? 0)
updateErrInstallFailed	GETTER
updateErrIosCannotInstall	GETTER
updateErrIosNoSelfUpdate	GETTER
updateErrMalformed	GETTER
updateErrNoAsset	GETTER
updateErrNoReleases	GETTER
updateErrNotDownloaded	GETTER
updateErrOffline	GETTER
updateErrRateLimited	GETTER
updateErrRateLimitedUntil	CALL(f.number!)
updateErrSizeMismatch	CALL(f.number ?? 0, f.number2 ?? 0)
updateErrTimeout	GETTER
updateErrUnknownVersion	CALL(f.text ?? '')
updateErrWinLaunchFailed	CALL(f.text ?? '')
updateErrWinNoInstallDir	GETTER
updateErrWinNotWritable	GETTER
updateErrWinPackageInvalid	CALL(f.text ?? '')
updateErrWinProbeFailed	CALL(f.text ?? '')
updateErrWinUnzipFailed	CALL(f.text ?? '')
updateGotIt	GETTER
updateInstallAndRestart	GETTER
updateInstallConfirmBody	GETTER
updateInstallConfirmTitle	GETTER
updateInstallNow	GETTER
updateInstallStarted	GETTER
updateIntegrityFull	GETTER
updateIntegrityNone	GETTER
updateIntegritySizeOnly	GETTER
updateLater	GETTER
updateMacosDragToApps	GETTER
updateNextStepsTitle	GETTER
updateNoReleaseNotes	GETTER
updateNoticeIos	GETTER
updateNoticeMacos	GETTER
updateNoticeNoAssetForPlatform	GETTER
updateNoticeWeb	GETTER
updateQuitting	GETTER
updateRevealFolder	GETTER
updateStatusAvailable	CALL(state.info?.latestDisplay ?? '')
updateStatusCheckFailed	GETTER
updateStatusChecking	GETTER
updateStatusDownloading	GETTER
updateStatusIdle	GETTER
updateStatusReady	GETTER
updateStatusUpToDate	GETTER
updateTitle	GETTER
updateVersionUnknown	GETTER
updateWinRestarting	GETTER
